name,id_str,CO_PER_ROL,YEAR,EXEC_FULLNAME,followers_count,friends_count,lang,account_created
AviReichental,'458517173,45435,2015,Abraham N. Reichental,2911,1194,en,2012-01-08 17:12:17
AhmadRChatila,'3145493639,39584,2014,Ahmad R. Chatila,1419,50,en,2015-04-07 21:03:13
AngelSB55,'218752472,31477,2015,Angel R. Martinez,67,50,en,2010-11-23 05:07:03
TonyAquila8020,'3317781383,38281,2015,Anthony Aquila,14538,163,et,2015-06-10 19:12:09
CABachelder,'804737400,50309,2016,Cheryl A. Bachelder,3385,598,en,2012-09-05 14:45:34
weccleshare,'77786086,45090,2016,Christopher William Eccleshare,608,291,en,2009-09-27 17:33:50
CliffBleustein,'2422580502,52443,2016,"Clifford B. Bleustein, M.D., MBA",220,117,en,2014-04-01 19:34:29
ctbouchard,'2280778176,48893,2016,Craig T. Bouchard,232,21,en,2014-01-07 15:40:52
danninivaggi,'2846215479,51068,2015,Daniel A. Ninivaggi,2261,253,en,2014-10-27 04:18:27
DanielHamburger,'891051931950620673,26490,2016,Daniel M. Hamburger,27,1,en,2017-07-28 21:45:10
DarrenOlagues,'834795192712622080,38862,2016,Darren J. Olagues,8,70,en,2017-02-23 16:00:58
Storchy1,'1606251558,5623,2016,David P. Storch,519,429,en,2013-07-19 16:21:54
Dave_Wentz,'43037549,29792,2015,David A. Wentz,9493,29,en,2009-05-28 03:26:40
DavidNovakOGO,'737989529827704832,14318,2014,David C. Novak,14474,1542,en,2016-06-01 12:49:49
DCCleanEnergy,'4793938642,39792,2015,David W. Crane,1454,54,en,2016-01-13 11:59:52
hess_peter,'382320511,29368,2014,"David Peter F. Hess, Jr.",1049,516,en,2011-09-29 21:28:47
deshickton,'1006190022,16722,2014,Dawne S. Hickton,58,47,en,2012-12-12 12:07:15
DonBrownIndy,'1235425207,39765,2015,Donald E. Brown,1532,22,en,2013-03-02 17:03:31
Gail_Goodman,'16367208,51505,2014,Gail F. Goodman,9217,3862,en,2008-09-19 18:25:28
gary_burnison,'581341103,24137,2016,Gary D. Burnison,743,55,en,2012-05-15 23:32:42
GordonWTravel,'925699078779998208,56144,2016,Gordon A. Wilson,404,47,en,2017-11-01 12:20:33
gweston,'14155407,51015,2014,Graham M. Weston,5255,563,en,2008-03-16 00:39:26
gregwcappelli,'3002555051,36538,2016,Gregory W. Cappelli,51,37,en,2015-01-28 03:03:20
RootHoward,'3303675224,50335,2015,Howard C. Root,1045,155,en,2015-08-01 21:31:39
colemaned,'42241370,37582,2014,J. Edward Coleman,514,87,en,2009-05-24 16:55:56
jbrear,'247990726,46595,2014,James F. Brear,390,345,en,2011-02-06 01:03:45
JimMetcalf_USG,'1921697035,26109,2016,James Shane Metcalf,145,58,en,2013-09-30 23:57:50
OU14Pres,'978249660983889921,46407,2014,James L. Gallogly,5989,4,en,2018-03-26 12:37:48
JamesTruchard,'731993156372193280,15342,2016,James J. Truchard,15,89,en,2016-05-15 23:42:23
JWhitehurst,'19599604,38124,2016,James M. Whitehurst,19542,92,en,2009-01-27 16:23:28
jefferyrgardner,'236655727,36012,2014,Jeffery R. Gardner,287,15,en,2011-01-11 02:33:31
JeffreyEttinger,'2190511176,28263,2016,Jeffrey M. Ettinger,106,8,en,2013-11-12 15:03:45
JohnAddisonGA,'3110482490,46622,2014,"John Aurelius Addison, Jr.",8336,2236,en,2015-03-27 16:51:10
JohnPCalamosSr,'987104891826040832,44298,2015,"John Peter Calamos, Sr.",54,147,en,2018-04-19 23:05:20
Donahoe_John,'115882166,30734,2015,"John J. Donahoe, II",14803,706,en,2010-02-20 08:50:07
JohnTChambers,'844614157320142848,2542,2015,John T. Chambers,12612,87,en,2017-03-22 18:18:02
JoeRipp1,'2244520622,49473,2016,Joseph A. Ripp,562,96,en,2013-12-13 21:23:26
joe_eazor,'2159078844,50278,2016,Joseph F. Eazor,496,63,en,2013-10-27 15:15:54
JoeKiani,'1192231830,40026,2016,Joseph E. Kiani,7407,85,en,2013-02-18 06:28:52
rupertmurdoch,'451586190,31597,2014,"Keith Rupert Murdoch, AC",734283,129,en,2011-12-31 18:29:24
KThompsonSWI,'1075181153638907904,46273,2014,Kevin B. Thompson,23,1,en,2018-12-19 00:08:57
CornerStoreKim,'3242637942,47560,2016,Kimberly S. Lubel,667,51,en,2015-06-11 22:14:00
LeonardRiggio,'1219815175,11246,2016,Leonard Riggio,122,167,en,2013-02-25 21:18:12
loudinardo,'15487372,46165,2015,Louis DiNardo,17,24,en,2008-07-18 22:39:42
louis_chenevert,'893593059685957633,21227,2014,Louis R. Chenevert,306,23,en,2017-08-04 22:02:42
MegWhitman,'20733756,45166,2015,Margaret Cushing Whitman,213113,302,en,2009-02-13 00:03:24
MarinerKemper,'962506885,35574,2016,Mariner Kemper,791,98,en,2012-11-21 14:30:22
marissamayer,'17503180,47607,2016,Marissa A. Mayer,1647088,349,en,2008-11-20 03:15:04
Fake_Dank,'1018193172411834368,19977,2016,Mark D. Dankberg,3,0,en,2018-07-14 17:59:04
markbtempleton,'129803061,15928,2015,Mark B. Templeton,7086,219,en,2010-04-05 12:59:10
MarkVHurd,'414399556,44443,2015,Mark Vincent Hurd,165564,69,en,2011-11-17 00:44:58
maryjunck,'232196147,17865,2015,Mary E. Junck,128,66,und,2010-12-30 14:05:44
DSWMike_CEO,'556274722,54822,2015,Michael R. MacDonald,200,3,en,2012-04-17 20:50:52
boustridge,'503233766,51131,2015,Michael J. Boustridge,105,32,en,2012-02-25 16:33:19
Gavisaacs,'282780769,51084,2016,Michael Gavin Isaacs,340,57,en,2011-04-15 22:34:34
HusebyMichael,'2932155603,46223,2014,Michael P. Huseby,11,100,en,2014-12-19 15:52:15
MillardDrexler,'871947244232159232,36093,2016,Millard S. Drexler,6,14,en,2017-06-06 04:29:57
mindygrossman,'1513126424,38626,2016,Mindy F. Grossman,2382,68,en,2013-06-13 11:26:11
mitchrudin,'1898072125,53263,2016,Mitchell E. Rudin,140,159,en,2013-09-23 18:21:17
montyfmoran,'1061394141400236034,36061,2015,Montgomery F. Moran,5,6,en,2018-11-10 23:04:17
muhtarkent,'719804115,32193,2016,Muhtar Kent,37,27,tr,2013-10-17 22:32:10
MurrayKessler,'339580494,44007,2014,Murray S. Kessler,380,20,en,2011-07-21 10:00:01
ullmanme,'126896821,29215,2015,"Myron E. Ullman, III",144,18,en,2010-03-27 10:11:57
NarenGursahaney,'948978631,46347,2015,Naren K. Gursahaney,460,180,en,2012-11-15 03:23:08
NoraDenzel,'3226651951,53301,2015,Nora M. Denzel,1347,38,en,2015-05-25 23:10:57
MedtronicCEO,'316702759,46174,2016,Omar S. Ishrak,22246,162,en,2011-06-13 20:58:24
PetePetitGroup,'1259705654,51487,2016,Parker H. Petit,115,2,en,2013-03-11 15:18:02
QuestFusion,'2997491528,44673,2014,Patrick C. Henry,31403,24402,en,2015-01-26 21:17:56
PaulJDiaz1,'589558319,28958,2014,Paul J. Diaz,0,0,en,2012-05-25 00:54:47
PaulDykstra14,'284362948,36484,2014,Paul B. Dykstra,18,49,en,2011-04-19 04:28:35
Paulmarciano9,'1089407071404068864,36077,2014,Paul Marciano,178,1,en,2019-01-27 06:17:40
PaulHooperCEO,'401091070,54724,2016,Paul A. Hooper,93,79,en,2011-10-30 01:36:27
PaulBisaro,'1668464336,35646,2014,Paul M. Bisaro,60,59,und,2013-08-13 18:20:39
PeterLeav,'806495467630657541,49366,2015,Peter A. Leav,352,13,en,2016-12-07 13:47:58
PAltabef,'553985573,47825,2014,Peter A. Altabef,81,30,en,2012-04-15 01:56:06
RameshOoyala,'4709406133,39275,2014,Ramesh Srinivasan,57,38,en,2016-01-04 15:55:30
RSDearth,'24528597,46796,2016,Randall S. Dearth,98,102,en,2009-03-15 14:18:37
rdstilley,'36673595,50218,2016,Randall D. Stilley,464,179,en,2009-04-30 14:25:36
marceloclaure,'92639420,51340,2016,Raul Marcelo Claure,229467,500,en,2009-11-25 23:37:43
Ray_Zinn_,'3189096823,15945,2014,Raymond D. Zinn,2600,3840,en,2015-05-08 18:51:57
ReeceKurtenbach,'755083199718367232,36200,2016,Reece A. Kurtenbach,28,118,en,2016-07-18 16:53:58
tillerson_w,'873320821946806274,27551,2016,Rex W. Tillerson,2492,12,en,2017-06-09 23:28:04
RickBelluzzo,'1071514704,53704,2016,Richard E. Belluzzo,81,112,en,2013-01-08 17:41:16
RichDugasPulte,'62535976,25169,2016,"Richard J. Dugas, Jr.",6,20,en,2009-08-03 15:11:04
dickc,'6385432,60373,2014,Richard Costolo,1601591,727,en,2007-05-28 13:26:41
ArtsCEOLynch,'43398433,45864,2014,Robert M. Lynch,544,22,en,2009-05-29 20:06:27
NotBobDutkowsky,'2782529778,33154,2016,Robert M. Dutkowsky,66,259,en,2014-08-31 16:27:39
GreifeldRobert,'4141670119,35975,2016,Robert Greifeld,12,13,en,2015-11-06 03:00:17
bosco2998,'270334570,48527,2014,Roman Suarez Blanco,13,6,es,2011-03-22 12:36:17
shaich,'55751080,8074,2016,Ronald M. Shaich,2321,747,en,2009-07-11 03:53:15
dpassmaniii,'21573459,42291,2015,"S. David Passman, III",55,74,en,2009-02-22 15:54:51
MicronCEO,'858053219976495106,21903,2015,Sanjay Mehrotra,149,3,en,2017-04-28 20:20:04
ScottFreidheim,'2854992190,50466,2016,Scott Freidheim,37,33,en,2014-11-01 14:16:45
SloTalking,'2448226531,51600,2015,Selina Y. Lo,847,258,en,2014-04-16 23:02:50
sergematta,'148511561,47670,2016,Serge Matta,413,324,en,2010-05-26 22:13:40
ShaunMcAlmont,'480018475,44602,2014,Shaun E. McAlmont,319,110,en,2012-02-01 01:28:03
ShayganK,'19099259,50890,2014,Shaygan Kheradpir,2535,362,en,2009-01-17 03:22:28
claes_stefan,'78365110,53730,2016,Stefan Larsson,22,61,en,2009-09-29 17:20:04
farhills2626,'3074276828,43227,2016,Stephen G. Waldis,36,45,en,2015-03-11 23:44:04
Steven_Ballmer,'3751591514,2469,2014,Steven A. Ballmer,30033,120,en,2015-10-01 20:37:37
SteveSSingh,'43836840,33902,2014,Sudhir Steven Singh,9696,607,en,2009-06-01 05:30:06
tomkleintk,'1257527292,54784,2016,Thomas Klein,1808,224,en,2013-03-10 17:27:02
tim_armstrong,'101766148,40077,2014,Timothy M. Armstrong,14786,459,en,2010-01-04 14:03:53
BillWackermann,'88442277,54963,2016,William J. Wackermann,1061,107,en,2009-11-08 15:38:05
BillBallhaus,'4703448806,46246,2015,William L. Ballhaus,511,49,en,2016-01-03 15:30:49
jmoroney_jim,'942506112,37514,2017,"James M. Moroney, III",309,41,en,2012-11-12 00:07:18
wkheiden,'776078817509142528,52103,2017,William K. Heiden,233,115,en,2016-09-14 15:23:03
susansalka,'515888995,31795,2017,Susan R. Salka,883,77,en,2012-03-05 21:33:44
MikeMinogueABMD,'206136745,46485,2017,Michael R. Minogue,1022,295,fr,2010-10-22 10:41:20
roncohenshair,'2420618906,46385,2017,Ron Cohen,2647,754,en,2014-03-31 14:27:13
BobbyKotick,'564842634,51675,2017,Robert A. Kotick,8254,84,en,2012-04-27 16:59:40
lisawwardell,'25085137,53525,2017,Lisa W. Wardell,1324,373,en,2009-03-18 14:55:56
mikeAECOM,'269599140,39865,2017,Michael S. Burke,2229,233,en,2011-03-21 03:07:05
LisaSu,'836224570013138944,46953,2017,Lisa T. Su,27602,180,en,2017-02-27 14:40:48
YuvalWasserman,'881731783276064768,34297,2017,Yuval Wasserman,21,16,en,2017-07-03 04:30:13
mtbert,'71049139,32394,2017,Mark Thomas Bertolini,16914,566,en,2009-09-02 19:18:20
TomLeightonAKAM,'1688565908,49100,2017,F. Thomson Leighton,3556,386,en,2013-08-21 15:18:30
TheTattooJew,'1889663630,34318,2017,"Joel S. Marcus, CPA, J.D.",41,138,en,2013-09-21 10:01:20
PaulMBlack,'3279729560,47480,2017,Paul M. Black,964,338,en,2015-07-14 15:43:42
Plaid_Page,'245464594,31079,2017,Lawrence Edward Page,28799,249,en,2011-01-31 19:17:00
jeffbezos,'15506669,14745,2017,Jeffrey P. Bezos,870700,0,en,2008-07-20 22:38:36
wallyboston,'17598413,40040,2017,"Wallace E. Boston, Jr.",2287,2508,en,2008-11-24 19:07:40
stevecollis_abc,'758712296784924673,24915,2017,Steven H. Collis,439,164,en,2016-07-28 17:14:42
tim_cook,'1636590253,15741,2017,Timothy D. Cook,11114655,61,en,2013-07-31 22:41:25
chrisaquaceo,'805920813379686400,37458,2017,Christopher H. Franklin,157,44,en,2016-12-05 23:44:30
antoniojpietri,'824239407045771266,38410,2017,Antonio J. Pietri,42,20,en,2017-01-25 12:56:03
ceomikejackson,'183215374,20938,2017,Michael J. Jackson,14931,921,en,2010-08-26 12:47:12
lhernandezjr,'561581262,49651,2017,"Louis Hernandez, Jr.",1549,292,en,2012-04-23 21:55:52
ceolarrydeshon,'803245606689013760,34381,2017,Larry D. De Shon,1139,151,en,2016-11-28 14:34:11
axonrick,'47542549,48629,2017,Patrick W. Smith,1714,87,en,2009-06-16 04:30:36
rmeeusen,'41354474,38480,2017,Richard A. Meeusen,1299,16,en,2009-05-20 13:09:40
simonelli_l,'2757506133,60148,2017,Lorenzo Simonelli,5660,503,en,2014-08-31 20:45:46
jdrollins3,'258619508,46800,2017,"James D. Rollins, III",65,131,en,2011-02-28 03:13:23
WarrenBuffett,'1364930179,4699,2017,Warren E. Buffett,1495278,0,en,2013-04-19 17:07:38
mikegianoni,'2847960924,51248,2017,Michael P. Gianoni,2761,2077,en,2014-10-08 23:42:20
BoeingCEO,'3355496165,45065,2017,Dennis A. Muilenburg,15558,86,en,2015-07-02 18:10:10
PehongChen,'34510836,20562,2017,Pehong Chen,110,17,en,2009-04-23 03:08:16
SDLebovitz,'583301182,55319,2017,Stephen D. Lebovitz,1260,280,en,2012-05-18 00:23:52
ChuckRobbins,'16810559,47917,2017,Charles H. Robbins,41467,241,en,2008-10-16 17:38:27
KirillTatarinov,'904824702,55348,2017,Kirill Tatarinov,19463,119,en,2012-10-25 22:53:00
gfulgoni,'23516942,40022,2017,Gian M. Fulgoni,6485,692,en,2009-03-09 22:44:42
DamonHininger,'877713558,41861,2017,Damon T. Hininger,93,399,en,2012-10-13 12:29:54
golf02022002,'229981196,39446,2017,"Victor Gordon Clemons, Sr.",32,44,en,2010-12-23 22:28:04
PeterUngaro1,'399471748,52222,2017,Peter J. Ungaro,116,102,en,2011-10-27 15:06:39
CEOCrossCountry,'1729247036,49123,2017,William J. Grubbs,216,172,en,2013-09-04 16:27:13
JAReinstein,'368952901,60228,2017,James A. Reinstein,113,295,en,2011-09-06 14:22:03
HassaneElkhoury,'1661451806,52613,2017,Hassane El-Khoury,322,80,en,2013-08-11 02:35:07
MikeDurney1,'2366027197,46268,2017,Michael P. Durney,42,20,en,2014-02-28 19:14:19
KentThiry,'862128018,21028,2017,Kent J. Thiry,3391,402,en,2012-10-04 22:29:13
MichaelDell,'58560480,4471,2017,Michael S. Dell,666526,3207,en,2009-07-20 19:12:29
RobertIger,'823307478360150018,20714,2017,Robert A. Iger,93891,86,en,2017-01-22 23:12:54
BobCarrigan,'22529392,48708,2017,Robert P. Carrigan,4967,645,en,2009-03-02 20:33:19
nigeltravis,'820978009,51216,2017,Nigel Travis,1648,10,en,2012-09-13 06:08:16
robert_flexon,'847908083904983040,45962,2017,Robert C. Flexon,2,5,en,2017-03-31 20:26:55
devinwenig,'234859616,45686,2017,Devin N. Wenig,11707,191,en,2011-01-06 19:10:02
echoceo,'89600998,51017,2017,Douglas R. Waggoner,93,22,und,2009-11-13 02:04:30
CEOEcolab,'735918311859322880,23730,2017,"Douglas M. Baker, Jr.",1124,252,en,2016-05-26 19:39:33
GuyGecht,'525058171,46511,2017,Guy Gecht,940,235,en,2012-03-15 05:20:35
DavidFieldETM,'351997275,20826,2017,David J. Field,3968,464,en,2011-08-10 00:45:27
dkhos,'41642329,34604,2017,Dara Khosrowshahi,86431,424,en,2009-05-21 18:17:34
Gary_Norcross,'2903827717,37283,2017,Gary Adam Norcross,3413,241,en,2014-11-18 16:04:42
jeffyabuki,'257772210,30590,2017,Jeffrey W. Yabuki,2274,4,en,2011-02-26 04:00:12
sandrodinello,'847072382443499521,42620,2017,Alessandro P. DiNello,25,37,en,2017-03-29 13:06:08
gcolony,'16002567,39627,2017,George F. Colony,15458,81,en,2008-08-26 20:53:23
KenXieFortinet,'1052359200368541696,48674,2017,Ken Xie,307,96,en,2018-10-17 00:42:40
Artpeck,'355528975,37246,2017,Arthur Peck,50,38,en,2011-08-15 14:09:43
JeffImmelt,'771525061,21042,2017,Jeffrey R. Immelt,58533,134,en,2012-08-21 13:34:18
mtbarra,'1219824320,47522,2017,Mary T. Barra,45060,70,en,2013-02-25 21:27:47
lloydblankfein,'313381067,24950,2017,Lloyd C. Blankfein,103144,26,en,2011-06-08 15:30:53
oshy,'14124000,50624,2017,Timothy J. OShaughnessy,2861,470,en,2008-03-11 14:48:35
BCLHMS,'410207576,34783,2017,William C. Lucia,334,485,en,2011-11-11 19:54:12
Karen_A_Puckett,'4060671740,52624,2017,Karen A. Puckett,418,669,en,2015-10-29 19:21:34
_bgoldner,'1935139158,21459,2017,Brian D. Goldner,666,488,en,2013-10-04 19:06:10
KRajagopalan_,'1117097478,52952,2017,Krishnan Rajagopalan,62,6,en,2013-01-24 15:49:50
MegWhitman,'20733756,51789,2017,Margaret Cushing Whitman,213113,302,en,2009-02-13 00:03:24
Masoniam,'236968898,54003,2017,Mark K. Mason,42,56,en,2011-01-11 19:44:38
BruceDBroussard,'934774592,45547,2017,Bruce Dale Broussard,5981,38,en,2012-11-08 15:37:41
joeyl,'5687182,53240,2017,Joseph M. Levin,124,191,en,2007-05-01 14:53:51
sgh_john,'2358268309,55260,2017,John N. Haugh,1237,243,en,2014-02-23 17:15:52
PittmanRadio,'279093933,45089,2017,Robert W. Pittman,17657,143,en,2011-04-08 15:35:29
fdesouza,'24974525,51887,2017,Francis A. deSouza,5175,455,en,2009-03-17 22:56:03
PaulBisaro,'1668464336,59445,2017,Paul M. Bisaro,60,59,und,2013-08-13 18:20:39
IloveIncyte,'2586495355,50766,2017,Herv Hoppenot,343,15,en,2014-06-24 23:07:53
chrisoddleifson,'2743155080,39396,2017,Christopher Oddleifson,101,41,en,2014-08-18 21:41:54
bkrunner,'250722893,47026,2017,Brian M. Krzanich,19941,15,en,2011-02-11 17:31:32
LesaISC,'264266813,18155,2017,Lesa France Kennedy,2266,156,en,2011-03-11 16:28:59
IntuitBrad,'591185779,30009,2017,Brad D. Smith,11125,576,en,2012-05-26 19:25:06
IridiumBoss,'29291334,50397,2017,Matthew J. Desch,8323,547,en,2009-04-06 20:56:45
HandlerRich,'1908078548,48744,2017,Richard Brian Handler,1693,4,en,2013-09-26 14:24:50
ramirahim,'25614274,47383,2017,Rami Rahim,4550,164,en,2009-03-21 01:14:20
Les_Wexner,'935604146383806465,1329,2017,Leslie H. Wexner,109,2,en,2017-11-28 20:19:45
JasonDLippert,'884430959986298880,31113,2017,Jason D. Lippert,141,36,en,2017-07-10 15:15:47
DougLebda,'21094145,51515,2017,Douglas R. Lebda,1084,297,en,2009-02-17 14:50:40
bill_angrick,'3409131729,43015,2017,"William P. Angrick, III",55,82,en,2015-08-08 20:59:20
rapino99,'21900452,36297,2017,Michael Rapino,32876,345,en,2009-02-25 18:42:31
RobLoCascio,'17807401,44266,2017,Robert P. LoCascio,2152,364,en,2008-12-02 13:43:06
B_Wagner,'98006282,49214,2017,William R. Wagner,1865,756,en,2009-12-19 23:48:17
albala,'18272589,37869,2017,Alfredo Bala,1531,1240,und,2008-12-20 21:01:01
JonasPrising,'15814436,34053,2017,Jonas Prising,6728,348,en,2008-08-11 21:54:40
GregorySMarcus,'858037832832516096,29848,2017,Gregory S. Marcus,1,3,es,2017-04-28 19:18:55
JoseRMas,'389827189,24684,2017,Jos Ramon Mas,293,61,en,2011-10-13 01:52:48
LKurzius,'1436343925,32096,2017,Lawrence E. Kurzius,176,39,en,2013-05-17 18:10:31
SteveEasterbrk,'2872869473,50557,2017,Stephen J. Easterbrook,13276,20,en,2014-11-11 20:50:33
clive_meanwell,'3410268473,44567,2017,Clive A. Meanwell,78,40,en,2015-08-09 12:34:25
MRCY_CEO,'705135558201360384,35903,2017,Mark Aslett,96,73,en,2016-03-02 20:59:52
satyanadella,'20571756,47866,2017,Satya Nadella,1843072,227,en,2009-02-11 04:45:34
michael_saylor,'244647486,18581,2017,Michael J. Saylor,133062,224,cs,2011-01-29 20:11:04
JocOrourke,'396586414,44925,2017,James C. ORourke,103,98,en,2011-10-23 13:52:23
gregbrownmoto,'254144341,26740,2017,Gregory Q. Brown,3743,30,en,2011-02-18 18:01:14
Bill_Nuti,'492747625,30276,2017,William R. Nuti,5335,5465,en,2012-02-15 02:34:17
NRGMauricio,'726131988772610048,42731,2017,Mauricio Gutierrez,8400,187,en,2016-04-29 19:32:11
adenatfriedman,'2810270363,35980,2017,Adena T. Friedman,10480,3412,en,2014-10-06 13:08:49
reedhastings,'15241557,32861,2017,"Wilmot Reed Hastings, Jr.",45411,77,en,2008-06-26 07:24:42
MichaelPolk55,'717367242367844353,45243,2017,Michael B. Polk,11,29,fr,2016-04-05 15:04:13
DawnZierNTRI,'2548166449,47590,2017,Dawn M. Zier,1675,672,en,2014-06-05 13:34:09
rod_hershberger,'3346562993,49405,2017,Rodney Hershberger,35,46,en,2015-06-26 14:20:37
MrColinShannon,'2824122886,60380,2017,Colin Shannon,994,269,en,2014-10-12 01:33:27
JimHeppelmann,'3130900821,24935,2017,James E. Heppelmann,2102,559,en,2015-04-01 02:02:57
IAmPapaJohn,'413457123,17117,2017,John H. Schnatter,12641,24,en,2011-11-15 22:25:52
Dan_Schulman,'600159484,51420,2017,Daniel H. Schulman,10292,58,en,2012-06-05 14:39:42
MarvinREllison,'2413051784,50097,2017,Marvin R. Ellison,19545,12,en,2014-03-26 19:44:05
IndraNooyi,'2652536876,18812,2017,Indra K. Nooyi,69331,173,en,2014-07-17 01:35:59
JoeBBurton,'214195952,46177,2017,Joseph B. Burton,1909,801,en,2010-11-10 20:21:22
yogeshgupta1,'17872001,54830,2017,Yogesh Gupta,305,37,en,2008-12-04 16:58:58
VickiMHolt,'3130889372,52397,2017,Victoria M. Holt,665,395,en,2015-04-02 14:24:22
stevemollenkopf,'2352239539,38760,2017,Steven M. Mollenkopf,3306,76,en,2014-02-19 20:48:14
pcourtot,'29591744,52092,2017,Philippe F. Courtot,69,116,en,2009-04-08 00:36:52
BronsonRadisys,'897092383988469760,33045,2017,Brian J. Bronson,154,99,en,2017-08-14 13:47:46
DaveLiniger,'84450634,52168,2017,David L. Liniger,4807,4,en,2009-10-22 23:20:18
DPosted,'857353406,47411,2017,Denny Marie Post,544,65,en,2012-10-02 02:12:14
ResMedMick,'1345287433,47964,2017,"Michael J. Farrell, BE, SM, MBA",2224,851,en,2013-04-11 20:55:45
EddieLehner,'490907307,46695,2017,Edward J. Lehner,39,70,en,2012-02-13 01:36:31
Benioff,'22330739,37655,2017,Marc R. Benioff,992786,2582,en,2009-03-01 04:16:24
WaltBettinger,'160627505,30592,2017,"Walter William Bettinger, II",5557,243,en,2010-06-28 18:19:01
OldCrowP51,'913385868592861184,11735,2017,James S. Hagedorn,13,27,en,2017-09-28 12:52:15
RichBoehne,'563760605,20955,2017,Richard A. Boehne,256,16,en,2012-04-26 14:21:22
denny_hudson,'1358378696,57734,2017,"Dennis S. Hudson, III",50,22,en,2013-04-17 02:33:09
randygarutti,'290843219,53916,2017,Randall J. Garutti,3593,390,en,2011-05-01 01:29:31
jonoringer,'23890475,53515,2017,Jonathan Oringer,26586,1895,en,2009-03-12 04:00:38
gttuttle,'20944548,45718,2017,G. Tyson Tuttle,290,101,en,2009-02-15 22:50:01
ScottSmithSonic,'428414214,36421,2017,B. Scott Smith,728,366,en,2011-12-04 18:47:30
MichaelRenna95,'784442336961069060,32759,2017,Michael J. Renna,60,345,en,2016-10-07 17:16:42
ThomasAFanning,'716008348697698305,27703,2017,Thomas A. Fanning,1579,175,en,2016-04-01 21:04:28
gary_kelly,'3128022438,19145,2017,Gary C. Kelly,7191,1,en,2015-04-01 21:35:35
HowardSchultz,'807442387,10976,2017,Howard D. Schultz,97614,37,en,2012-09-06 19:18:55
RonKruszewski,'416390629,37912,2017,Ronald James Kruszewski,30,26,en,2011-11-19 16:32:33
Karl_McDonnell,'249441251,35047,2017,Karl McDonnell,10448,1942,en,2011-02-09 01:51:25
RickBergmanSyna,'3078581395,46377,2017,Richard A. Bergman,378,129,en,2015-03-13 23:34:55
SYFMKeane,'3274870219,51767,2017,Margaret M. Keane,1521,206,en,2015-07-10 19:34:38
TimHockey,'24425930,53965,2017,Timothy D. Hockey,9062,1150,en,2009-03-14 20:38:43
CalvinKnowlton,'720071376,59282,2017,Calvin H. Knowlton,47,12,en,2012-07-27 12:32:04
uprmgmt,'84160938,56186,2017,Gerald R. Mattys,3,2,en,2009-10-21 20:56:53
DTLougee,'576408469,37074,2017,David T. Lougee,967,411,en,2012-05-10 17:15:03
VicLLund,'735193182921740288,54550,2017,Victor Lynn Lund,1074,18,en,2016-05-24 19:38:08
DonatoTramuto,'2228584789,52753,2017,Donato J. Tramuto,1293,152,en,2013-12-03 17:10:30
TRVSchnitz,'2752242290,34273,2017,Alan David Schnitzer,17,14,en,2014-08-21 14:16:02
kaufer,'21892507,46081,2017,Stephen Kaufer,6751,290,en,2009-02-25 17:42:19
RickGoingsTUP,'3665601617,10790,2017,E. V. Goings,1937,0,en,2015-09-15 16:22:27
jamesmurdoch83,'584272498,36577,2017,James Rupert Murdoch,489,1516,und,2012-05-18 23:57:14
jack,'12,60377,2017,Jack Dorsey,4150201,3805,en,2006-03-21 20:50:14
Tom_Hayes,'2800158652,53892,2017,Thomas P. Hayes,3761,208,en,2014-10-02 14:40:21
USANA_Kevin,'381742923,32598,2017,Kevin G. Guest,1007,79,en,2011-09-28 21:21:59
PAltabef,'553985573,51968,2017,Peter A. Altabef,81,30,en,2012-04-15 01:56:06
Skybiome,'2704459736,37941,2017,Martine A. Rothblatt,703,166,en,2014-08-03 16:26:43
mmissad1,'2385889136,27078,2017,"Matthew Jon Missad, CPA",8,12,en,2014-03-12 22:23:32
UnumRick,'819741280192303105,42292,2017,Richard Paul McKenney,313,49,en,2017-01-13 03:02:06
SunnySanyal,'1958781902,54363,2017,Sunny S. Sanyal,28,24,und,2013-10-13 14:17:43
PaulGalant,'2162798647,48646,2017,Paul S. Galant,1198,536,en,2013-10-29 12:52:02
sgsyes0619,'1665513860,51685,2017,Scott G. Stephenson,4,19,en,2013-08-12 16:47:17
LearningMoment,'103626107,9198,2017,Garry O. Ridge,1410,372,en,2010-01-10 17:58:43
jimfishwm,'888130007029104641,47170,2017,"James C. Fish, Jr.",6660,31,en,2017-07-20 20:14:29
mindygrossman,'1513126424,59618,2017,Mindy F. Grossman,2382,68,en,2013-06-13 11:26:11
toddpenegor33,'451696596,48706,2017,Todd Allan Penegor,11,6,en,2011-12-31 21:50:52
Derek_Leathers,'2902739274,28890,2017,Derek J. Leathers,1087,533,en,2014-11-17 13:31:37
WesternUnionCEO,'632124727,36009,2017,Hikmet Ersek,13690,256,en,2012-07-10 16:35:02
nonamemarin,'84247044,24471,2017,Laura J. Alber,10,71,en,2009-10-22 05:16:06
TonyThomasWIN,'2817606480,40005,2017,Anthony W. Thomas,2013,276,en,2014-09-18 18:57:44
WingstopCEO,'838521102,53922,2017,Charles R. Morrison,3037,206,en,2012-09-21 20:36:28
kazzy13a,'99266673,29803,2017,Michael J. Kasbar,2,7,en,2009-12-25 11:17:17
VinceMcMahon,'1222639789,51870,2017,Vincent K. McMahon,2219131,51,en,2013-02-26 18:06:09
stevewynnfacts,'2990285665,37104,2017,Stephen A. Wynn,219,12,en,2015-01-19 19:26:55
msteib,'21576338,49101,2017,Michael F. Steib,3464,893,en,2009-02-22 16:35:22
PatrickKDecker,'2697201733,50421,2017,Patrick K. Decker,1809,419,en,2014-08-01 03:07:33
DWagnerPSU,'151078489,55243,2017,David J. Wagner,307,323,en,2010-06-02 15:07:17
brentlsaunders,'3014302521,50744,2017,Brenton L. Saunders,9470,1111,en,2015-02-03 11:47:00
amolinaroli,'363889181,38449,2017,Alex A. Molinaroli,11788,296,en,2011-08-28 21:24:07
MitchBarns,'63727579,49062,2017,Dwight Mitchell Barns,1139,172,en,2009-08-07 14:01:47
JohnJamesHaley,'3294149243,55059,2017,John J. Haley,948,50,en,2015-05-22 15:44:31
LevinIlan,'1718599693,47961,2017,Ilan Levin,7,34,en,2013-09-01 10:19:03
richard00857062,'1044728951657181184,49916,2017,Richard D. Fain,37,183,en,2018-09-25 23:22:47
